<?xml version="1.0" encoding="UTF-8"?>
<export version="D">
  <design>
    <source>C:\Users\cam_o\Documents\KiCad\3v3LipoChargeProtect\3v3LipoChargeProtect.sch</source>
    <date>8/12/2021 12:01:29 PM</date>
    <tool>Eeschema (5.1.10)-1</tool>
    <sheet number="1" name="/" tstamps="/">
      <title_block>
        <title/>
        <company/>
        <rev/>
        <date/>
        <source>3v3LipoChargeProtect.sch</source>
        <comment number="1" value=""/>
        <comment number="2" value=""/>
        <comment number="3" value=""/>
        <comment number="4" value=""/>
      </title_block>
    </sheet>
  </design>
  <components>
    <comp ref="U1">
      <value>TPS63001</value>
      <footprint>Package_SON:Texas_DRC0010J_ThermalVias</footprint>
      <datasheet>http://www.ti.com/lit/ds/symlink/tps63000.pdf</datasheet>
      <libsource lib="Regulator_Switching" part="TPS63001" description="Buck-Boost Converter, 1.8-5.5V Input Voltage, 1.7A Switch Current, 3.3V Output Voltage, VSON-10"/>
      <sheetpath names="/" tstamps="/"/>
      <tstamp>61234420</tstamp>
    </comp>
    <comp ref="L1">
      <value>2.2uH</value>
      <footprint>Inductor_SMD:L_1206_3216Metric</footprint>
      <datasheet>~</datasheet>
      <libsource lib="Device" part="L_Small" description="Inductor, small symbol"/>
      <sheetpath names="/" tstamps="/"/>
      <tstamp>61237284</tstamp>
    </comp>
    <comp ref="C1">
      <value>10uF</value>
      <footprint>Capacitor_SMD:C_1206_3216Metric</footprint>
      <datasheet>~</datasheet>
      <libsource lib="Device" part="C_Small" description="Unpolarized capacitor, small symbol"/>
      <sheetpath names="/" tstamps="/"/>
      <tstamp>61238A30</tstamp>
    </comp>
    <comp ref="C2">
      <value>10uF</value>
      <footprint>Capacitor_SMD:C_1206_3216Metric</footprint>
      <datasheet>~</datasheet>
      <libsource lib="Device" part="C_Small" description="Unpolarized capacitor, small symbol"/>
      <sheetpath names="/" tstamps="/"/>
      <tstamp>6123A5E9</tstamp>
    </comp>
    <comp ref="J1">
      <value>BATT</value>
      <footprint>Connector_JST:JST_PH_S2B-PH-SM4-TB_1x02-1MP_P2.00mm_Horizontal</footprint>
      <datasheet>~</datasheet>
      <libsource lib="Connector_Generic" part="Conn_01x02" description="Generic connector, single row, 01x02, script generated (kicad-library-utils/schlib/autogen/connector/)"/>
      <sheetpath names="/" tstamps="/"/>
      <tstamp>6123C552</tstamp>
    </comp>
    <comp ref="SW1">
      <value>Power-&gt;</value>
      <footprint>SnapEDA Library:3pin_switch</footprint>
      <datasheet>~</datasheet>
      <libsource lib="Switch" part="SW_Push" description="Push button switch, generic, two pins"/>
      <sheetpath names="/" tstamps="/"/>
      <tstamp>6123FD29</tstamp>
    </comp>
    <comp ref="U2">
      <value>MCP73831-2-OT</value>
      <footprint>Package_TO_SOT_SMD:SOT-23-5</footprint>
      <datasheet>http://ww1.microchip.com/downloads/en/DeviceDoc/20001984g.pdf</datasheet>
      <libsource lib="Battery_Management" part="MCP73831-2-OT" description="Single cell, Li-Ion/Li-Po charge management controller, 4.20V, Tri-State Status Output, in SOT23-5 package"/>
      <sheetpath names="/" tstamps="/"/>
      <tstamp>61242A02</tstamp>
    </comp>
    <comp ref="D1">
      <value>LED</value>
      <footprint>LED_SMD:LED_1206_3216Metric</footprint>
      <datasheet>~</datasheet>
      <libsource lib="Device" part="LED" description="Light emitting diode"/>
      <sheetpath names="/" tstamps="/"/>
      <tstamp>612462EB</tstamp>
    </comp>
    <comp ref="R1">
      <value>3.3k</value>
      <footprint>Resistor_SMD:R_1206_3216Metric</footprint>
      <datasheet>~</datasheet>
      <libsource lib="Device" part="R_Small" description="Resistor, small symbol"/>
      <sheetpath names="/" tstamps="/"/>
      <tstamp>61247C73</tstamp>
    </comp>
    <comp ref="J2">
      <value>USB_B_Mini</value>
      <footprint>Connector_USB:USB_Mini-B_Wuerth_65100516121_Horizontal</footprint>
      <datasheet>~</datasheet>
      <libsource lib="Connector" part="USB_B_Mini" description="USB Mini Type B connector"/>
      <sheetpath names="/" tstamps="/"/>
      <tstamp>6124C0A6</tstamp>
    </comp>
    <comp ref="R2">
      <value>2k</value>
      <footprint>Resistor_SMD:R_1206_3216Metric</footprint>
      <datasheet>~</datasheet>
      <libsource lib="Device" part="R_Small" description="Resistor, small symbol"/>
      <sheetpath names="/" tstamps="/"/>
      <tstamp>6124F075</tstamp>
    </comp>
    <comp ref="C3">
      <value>4.7uF</value>
      <footprint>Capacitor_SMD:C_1206_3216Metric</footprint>
      <datasheet>~</datasheet>
      <libsource lib="Device" part="C_Small" description="Unpolarized capacitor, small symbol"/>
      <sheetpath names="/" tstamps="/"/>
      <tstamp>61250D2B</tstamp>
    </comp>
    <comp ref="C4">
      <value>4.7uF</value>
      <footprint>Capacitor_SMD:C_1206_3216Metric</footprint>
      <datasheet>~</datasheet>
      <libsource lib="Device" part="C_Small" description="Unpolarized capacitor, small symbol"/>
      <sheetpath names="/" tstamps="/"/>
      <tstamp>6125145A</tstamp>
    </comp>
    <comp ref="J3">
      <value>Output</value>
      <footprint>Connector_PinHeader_2.54mm:PinHeader_1x03_P2.54mm_Vertical</footprint>
      <datasheet>~</datasheet>
      <libsource lib="Connector_Generic" part="Conn_01x03" description="Generic connector, single row, 01x03, script generated (kicad-library-utils/schlib/autogen/connector/)"/>
      <sheetpath names="/" tstamps="/"/>
      <tstamp>61289E4A</tstamp>
    </comp>
  </components>
  <libparts>
    <libpart lib="Battery_Management" part="MCP73832-2-OT">
      <aliases>
        <alias>MCP73832-5-OT</alias>
        <alias>MCP73832-4-OT</alias>
        <alias>MCP73832-3-OT</alias>
        <alias>MCP73831-2-OT</alias>
        <alias>MCP73831-5-OT</alias>
        <alias>MCP73831-4-OT</alias>
        <alias>MCP73831-3-OT</alias>
      </aliases>
      <description>Single cell, Li-Ion/Li-Po charge management controller, 4.20V, Open-Drain Status Output, in SOT23-5 package</description>
      <docs>http://ww1.microchip.com/downloads/en/DeviceDoc/20001984g.pdf</docs>
      <footprints>
        <fp>SOT?23*</fp>
      </footprints>
      <fields>
        <field name="Reference">U</field>
        <field name="Value">MCP73832-2-OT</field>
        <field name="Footprint">Package_TO_SOT_SMD:SOT-23-5</field>
      </fields>
      <pins>
        <pin num="1" name="STAT" type="output"/>
        <pin num="2" name="VSS" type="power_in"/>
        <pin num="3" name="VBAT" type="power_out"/>
        <pin num="4" name="VDD" type="power_in"/>
        <pin num="5" name="PROG" type="input"/>
      </pins>
    </libpart>
    <libpart lib="Connector" part="USB_B_Micro">
      <aliases>
        <alias>USB_B_Mini</alias>
      </aliases>
      <description>USB Micro Type B connector</description>
      <docs>~</docs>
      <footprints>
        <fp>USB*</fp>
      </footprints>
      <fields>
        <field name="Reference">J</field>
        <field name="Value">USB_B_Micro</field>
      </fields>
      <pins>
        <pin num="1" name="VBUS" type="power_out"/>
        <pin num="2" name="D-" type="BiDi"/>
        <pin num="3" name="D+" type="BiDi"/>
        <pin num="4" name="ID" type="passive"/>
        <pin num="5" name="GND" type="power_out"/>
        <pin num="6" name="Shield" type="passive"/>
      </pins>
    </libpart>
    <libpart lib="Connector_Generic" part="Conn_01x02">
      <description>Generic connector, single row, 01x02, script generated (kicad-library-utils/schlib/autogen/connector/)</description>
      <docs>~</docs>
      <footprints>
        <fp>Connector*:*_1x??_*</fp>
      </footprints>
      <fields>
        <field name="Reference">J</field>
        <field name="Value">Conn_01x02</field>
      </fields>
      <pins>
        <pin num="1" name="Pin_1" type="passive"/>
        <pin num="2" name="Pin_2" type="passive"/>
      </pins>
    </libpart>
    <libpart lib="Connector_Generic" part="Conn_01x03">
      <description>Generic connector, single row, 01x03, script generated (kicad-library-utils/schlib/autogen/connector/)</description>
      <docs>~</docs>
      <footprints>
        <fp>Connector*:*_1x??_*</fp>
      </footprints>
      <fields>
        <field name="Reference">J</field>
        <field name="Value">Conn_01x03</field>
      </fields>
      <pins>
        <pin num="1" name="Pin_1" type="passive"/>
        <pin num="2" name="Pin_2" type="passive"/>
        <pin num="3" name="Pin_3" type="passive"/>
      </pins>
    </libpart>
    <libpart lib="Device" part="C_Small">
      <description>Unpolarized capacitor, small symbol</description>
      <docs>~</docs>
      <footprints>
        <fp>C_*</fp>
      </footprints>
      <fields>
        <field name="Reference">C</field>
        <field name="Value">C_Small</field>
      </fields>
      <pins>
        <pin num="1" name="~" type="passive"/>
        <pin num="2" name="~" type="passive"/>
      </pins>
    </libpart>
    <libpart lib="Device" part="LED">
      <description>Light emitting diode</description>
      <docs>~</docs>
      <footprints>
        <fp>LED*</fp>
        <fp>LED_SMD:*</fp>
        <fp>LED_THT:*</fp>
      </footprints>
      <fields>
        <field name="Reference">D</field>
        <field name="Value">LED</field>
      </fields>
      <pins>
        <pin num="1" name="K" type="passive"/>
        <pin num="2" name="A" type="passive"/>
      </pins>
    </libpart>
    <libpart lib="Device" part="L_Small">
      <description>Inductor, small symbol</description>
      <docs>~</docs>
      <footprints>
        <fp>Choke_*</fp>
        <fp>*Coil*</fp>
        <fp>Inductor_*</fp>
        <fp>L_*</fp>
      </footprints>
      <fields>
        <field name="Reference">L</field>
        <field name="Value">L_Small</field>
      </fields>
      <pins>
        <pin num="1" name="~" type="passive"/>
        <pin num="2" name="~" type="passive"/>
      </pins>
    </libpart>
    <libpart lib="Device" part="R_Small">
      <description>Resistor, small symbol</description>
      <docs>~</docs>
      <footprints>
        <fp>R_*</fp>
      </footprints>
      <fields>
        <field name="Reference">R</field>
        <field name="Value">R_Small</field>
      </fields>
      <pins>
        <pin num="1" name="~" type="passive"/>
        <pin num="2" name="~" type="passive"/>
      </pins>
    </libpart>
    <libpart lib="Regulator_Switching" part="TPS63000">
      <aliases>
        <alias>TPS63000-Q1</alias>
        <alias>TPS63001</alias>
        <alias>TPS63002</alias>
      </aliases>
      <description>Buck-Boost Converter, 1.8-5.5V Input Voltage, 1.8A Switch Current, Adjustable 1.2-5.5V Output Voltage, VSON-10</description>
      <docs>http://www.ti.com/lit/ds/symlink/tps63000.pdf</docs>
      <footprints>
        <fp>Texas*DRC0010J*</fp>
      </footprints>
      <fields>
        <field name="Reference">U</field>
        <field name="Value">TPS63000</field>
        <field name="Footprint">Package_SON:Texas_DRC0010J_ThermalVias</field>
      </fields>
      <pins>
        <pin num="1" name="VOUT" type="power_out"/>
        <pin num="2" name="L2" type="input"/>
        <pin num="3" name="PGND" type="power_in"/>
        <pin num="4" name="L1" type="input"/>
        <pin num="5" name="VIN" type="power_in"/>
        <pin num="6" name="EN" type="input"/>
        <pin num="7" name="PS/SYNC" type="input"/>
        <pin num="8" name="VINA" type="power_in"/>
        <pin num="9" name="GND" type="power_in"/>
        <pin num="10" name="FB" type="input"/>
        <pin num="11" name="PGND" type="passive"/>
      </pins>
    </libpart>
    <libpart lib="Switch" part="SW_Push">
      <description>Push button switch, generic, two pins</description>
      <docs>~</docs>
      <fields>
        <field name="Reference">SW</field>
        <field name="Value">SW_Push</field>
      </fields>
      <pins>
        <pin num="1" name="1" type="passive"/>
        <pin num="2" name="2" type="passive"/>
      </pins>
    </libpart>
  </libparts>
  <libraries>
    <library logical="Battery_Management">
      <uri>C:\Program Files\KiCad\share\kicad\library/Battery_Management.lib</uri>
    </library>
    <library logical="Connector">
      <uri>C:\Program Files\KiCad\share\kicad\library/Connector.lib</uri>
    </library>
    <library logical="Connector_Generic">
      <uri>C:\Program Files\KiCad\share\kicad\library/Connector_Generic.lib</uri>
    </library>
    <library logical="Device">
      <uri>C:\Program Files\KiCad\share\kicad\library/Device.lib</uri>
    </library>
    <library logical="Regulator_Switching">
      <uri>C:\Program Files\KiCad\share\kicad\library/Regulator_Switching.lib</uri>
    </library>
    <library logical="Switch">
      <uri>C:\Program Files\KiCad\share\kicad\library/Switch.lib</uri>
    </library>
  </libraries>
  <nets>
    <net code="1" name="Net-(R2-Pad2)">
      <node ref="R2" pin="2"/>
      <node ref="U2" pin="5"/>
    </net>
    <net code="2" name="GND">
      <node ref="J3" pin="3"/>
      <node ref="C2" pin="2"/>
      <node ref="J1" pin="1"/>
      <node ref="C4" pin="2"/>
      <node ref="C3" pin="2"/>
      <node ref="U1" pin="11"/>
      <node ref="U1" pin="3"/>
      <node ref="U1" pin="9"/>
      <node ref="J2" pin="5"/>
      <node ref="R2" pin="1"/>
      <node ref="C1" pin="2"/>
      <node ref="U2" pin="2"/>
    </net>
    <net code="3" name="Net-(J2-Pad6)">
      <node ref="J2" pin="6"/>
    </net>
    <net code="4" name="Net-(J2-Pad4)">
      <node ref="J2" pin="4"/>
    </net>
    <net code="5" name="Net-(J2-Pad3)">
      <node ref="J2" pin="3"/>
    </net>
    <net code="6" name="Net-(J2-Pad2)">
      <node ref="J2" pin="2"/>
    </net>
    <net code="7" name="Net-(C3-Pad1)">
      <node ref="J2" pin="1"/>
      <node ref="C3" pin="1"/>
      <node ref="D1" pin="2"/>
      <node ref="U2" pin="4"/>
    </net>
    <net code="8" name="Net-(D1-Pad1)">
      <node ref="R1" pin="2"/>
      <node ref="D1" pin="1"/>
    </net>
    <net code="9" name="BATT">
      <node ref="U1" pin="8"/>
      <node ref="U1" pin="7"/>
      <node ref="U1" pin="6"/>
      <node ref="U1" pin="5"/>
      <node ref="C1" pin="1"/>
      <node ref="C4" pin="1"/>
      <node ref="SW1" pin="2"/>
      <node ref="J3" pin="1"/>
      <node ref="U2" pin="3"/>
    </net>
    <net code="10" name="Net-(R1-Pad1)">
      <node ref="R1" pin="1"/>
      <node ref="U2" pin="1"/>
    </net>
    <net code="11" name="+3V3">
      <node ref="U1" pin="1"/>
      <node ref="J3" pin="2"/>
      <node ref="C2" pin="1"/>
      <node ref="U1" pin="10"/>
    </net>
    <net code="12" name="Net-(L1-Pad1)">
      <node ref="U1" pin="4"/>
      <node ref="L1" pin="1"/>
    </net>
    <net code="13" name="Net-(L1-Pad2)">
      <node ref="L1" pin="2"/>
      <node ref="U1" pin="2"/>
    </net>
    <net code="14" name="Net-(J1-Pad2)">
      <node ref="SW1" pin="1"/>
      <node ref="J1" pin="2"/>
    </net>
  </nets>
</export>
