Reference(s),Value,LibPart,Footprint
"C1, C2",10uF,Device:C_Small,Capacitor_SMD:C_1206_3216Metric
"C3, C4",4.7uF,Device:C_Small,Capacitor_SMD:C_1206_3216Metric
D1,LED,Device:LED,LED_SMD:LED_1206_3216Metric
J1,BATT,Connector_Generic:Conn_01x02,Connector_JST:JST_PH_S2B-PH-SM4-TB_1x02-1MP_P2.00mm_Horizontal
J2,USB_B_Mini,Connector:USB_B_Mini,Connector_USB:USB_Mini-B_Wuerth_65100516121_Horizontal
J3,Output,Connector_Generic:Conn_01x03,Connector_PinHeader_2.54mm:PinHeader_1x03_P2.54mm_Vertical
L1,2.2uH,Device:L_Small,Inductor_SMD:L_1206_3216Metric
R1,3.3k,Device:R_Small,Resistor_SMD:R_1206_3216Metric
R2,2k,Device:R_Small,Resistor_SMD:R_1206_3216Metric
SW1,Power->,Switch:SW_Push,SnapEDA Library:3pin_switch
U1,TPS63001,Regulator_Switching:TPS63001,Package_SON:Texas_DRC0010J_ThermalVias
U2,MCP73831-2-OT,Battery_Management:MCP73831-2-OT,Package_TO_SOT_SMD:SOT-23-5
